email,name,surname,password_hash
aaron.cabrera@paypal.com,Aaron,Cabrera,test1234
edward.waters@paypal.com,Edward,Waters,test1234
jessica.allen@paypal.com,Jessica,Allen,test1234
michael.page@paypal.com,Michael,Page,test1234
amy.dds@paypal.com,Amy,DDS,test1234
taylor.vasquez@paypal.com,Taylor,Vasquez,test1234
ronald.hobbs@paypal.com,Ronald,Hobbs,test1234
courtney.hall@paypal.com,Courtney,Hall,test1234
jeffery.glover@paypal.com,Jeffery,Glover,test1234
rodney.brooks@paypal.com,Rodney,Brooks,test1234
timothy.weeks@paypal.com,Timothy,Weeks,test1234
roger.gonzalez@paypal.com,Roger,Gonzalez,test1234
shelia.aguirre@paypal.com,Shelia,Aguirre,test1234
garrett.day@paypal.com,Garrett,Day,test1234
jennifer.rasmussen@paypal.com,Jennifer,Rasmussen,test1234
phillip.turner@paypal.com,Phillip,Turner,test1234
kathryn.powell@paypal.com,Kathryn,Powell,test1234
dana.collins@paypal.com,Dana,Collins,test1234
marilyn.meadows@paypal.com,Marilyn,Meadows,test1234
rebecca.vasquez@paypal.com,Rebecca,Vasquez,test1234
thomas.blanchard@paypal.com,Thomas,Blanchard,test1234
deborah.garcia@paypal.com,Deborah,Garcia,test1234
jeffrey.alvarado@paypal.com,Jeffrey,Alvarado,test1234
thomas.boyle@paypal.com,Thomas,Boyle,test1234
jacob.dean@paypal.com,Jacob,Dean,test1234
daniel.owens@paypal.com,Daniel,Owens,test1234
michelle.mccoy@paypal.com,Michelle,Mccoy,test1234
mrs..kennedy@paypal.com,Mrs.,Kennedy,test1234
mrs..padilla@paypal.com,Mrs.,Padilla,test1234
david.wilson@paypal.com,David,Wilson,test1234
jessica.robinson@paypal.com,Jessica,Robinson,test1234
john.hobbs@paypal.com,John,Hobbs,test1234
justin.md@paypal.com,Justin,MD,test1234
chase.mclean@paypal.com,Chase,Mclean,test1234
michael.yang@paypal.com,Michael,Yang,test1234
gina.esparza@paypal.com,Gina,Esparza,test1234
debra.bell@paypal.com,Debra,Bell,test1234
matthew.garcia@paypal.com,Matthew,Garcia,test1234
david.grant@paypal.com,David,Grant,test1234
jessica.moore@paypal.com,Jessica,Moore,test1234
